"id","hotel_id","oyo_id","cat_name","hotel_image","new_cat","mrc_id","image_url"
"321204","108764","GHY652","Facade","Frames_Image_xvwjghposshh","FACADE",,"https://oyo-transformation.s3-ap-southeast-1.amazonaws.com/photography/14272/Facade/Frames_Image_xvwjghposshh?X-Amz-Algorithm=AWS4-HMAC-SHA256&X-Amz-Date=20210216T044356Z&X-Amz-SignedHeaders=host&X-Amz-Expires=599&X-Amz-Credential=AKIAXBBSDNXKACVH3SXG%2F20210216%2Fap-southeast-1%2Fs3%2Faws4_request&X-Amz-Signature=2397a91e3df7c3d7e29715d883440139b19bdc45f31a05694023a92b7f39108a"
"321203","108764","GHY652","Facade","Frames_Image_wtywtrvuzmic","FACADE",,"https://oyo-transformation.s3-ap-southeast-1.amazonaws.com/photography/14272/Facade/Frames_Image_wtywtrvuzmic?X-Amz-Algorithm=AWS4-HMAC-SHA256&X-Amz-Date=20210216T044357Z&X-Amz-SignedHeaders=host&X-Amz-Expires=599&X-Amz-Credential=AKIAXBBSDNXKACVH3SXG%2F20210216%2Fap-southeast-1%2Fs3%2Faws4_request&X-Amz-Signature=02c3f4cfc732af576a1458787be0201e47871090f41c4b53756787bceebd66f4"
"321209","108764","GHY652","Reception","Frames_Image_tyktltpahcfg","RECEPTION",,"https://oyo-transformation.s3-ap-southeast-1.amazonaws.com/photography/14272/Reception/Frames_Image_tyktltpahcfg?X-Amz-Algorithm=AWS4-HMAC-SHA256&X-Amz-Date=20210216T044357Z&X-Amz-SignedHeaders=host&X-Amz-Expires=599&X-Amz-Credential=AKIAXBBSDNXKACVH3SXG%2F20210216%2Fap-southeast-1%2Fs3%2Faws4_request&X-Amz-Signature=054b4db752b3b4b9ff5913f8e0a71dde68cc65fdde7c6efb892b65c0f7d9fb48"
"321208","108764","GHY652","Reception","Frames_Image_zwpqwfeztsho","RECEPTION",,"https://oyo-transformation.s3-ap-southeast-1.amazonaws.com/photography/14272/Reception/Frames_Image_zwpqwfeztsho?X-Amz-Algorithm=AWS4-HMAC-SHA256&X-Amz-Date=20210216T044357Z&X-Amz-SignedHeaders=host&X-Amz-Expires=600&X-Amz-Credential=AKIAXBBSDNXKACVH3SXG%2F20210216%2Fap-southeast-1%2Fs3%2Faws4_request&X-Amz-Signature=c525f757d2800d5b3d46d1014a6137971574c6ed18a96cb6c7a8b423c47890d0"
"321207","108764","GHY652","Reception","Frames_Image_hdxlfshafbug","RECEPTION",,"https://oyo-transformation.s3-ap-southeast-1.amazonaws.com/photography/14272/Reception/Frames_Image_hdxlfshafbug?X-Amz-Algorithm=AWS4-HMAC-SHA256&X-Amz-Date=20210216T044357Z&X-Amz-SignedHeaders=host&X-Amz-Expires=600&X-Amz-Credential=AKIAXBBSDNXKACVH3SXG%2F20210216%2Fap-southeast-1%2Fs3%2Faws4_request&X-Amz-Signature=f16b3c864900d70c5d4d497e97571d05e353e885d62029b12116bb3c5d3712e6"
"321206","108764","GHY652","Lobby","Frames_Image_jchoedbewrmb","LOBBY",,"https://oyo-transformation.s3-ap-southeast-1.amazonaws.com/photography/14272/Lobby/Frames_Image_jchoedbewrmb?X-Amz-Algorithm=AWS4-HMAC-SHA256&X-Amz-Date=20210216T044357Z&X-Amz-SignedHeaders=host&X-Amz-Expires=600&X-Amz-Credential=AKIAXBBSDNXKACVH3SXG%2F20210216%2Fap-southeast-1%2Fs3%2Faws4_request&X-Amz-Signature=7b41d2d7a59540e2231f1fbc05966b7896dee0d5225650f35fe8e825197c37d5"
"321205","108764","GHY652","Lobby","Frames_Image_pnjxsiuewtda","LOBBY",,"https://oyo-transformation.s3-ap-southeast-1.amazonaws.com/photography/14272/Lobby/Frames_Image_pnjxsiuewtda?X-Amz-Algorithm=AWS4-HMAC-SHA256&X-Amz-Date=20210216T044357Z&X-Amz-SignedHeaders=host&X-Amz-Expires=600&X-Amz-Credential=AKIAXBBSDNXKACVH3SXG%2F20210216%2Fap-southeast-1%2Fs3%2Faws4_request&X-Amz-Signature=080dbfe6c09fc918d9563959010e98f3c50af4fcebf8a6290ef15059fb2df4db"
"321229","108764","GHY652","Washroom","Frames_Image_bfvxmtycaaou","WASHROOM","272950","https://oyo-transformation.s3-ap-southeast-1.amazonaws.com/photography/14272/SPOT%20ON%20NON-AC%20Washroom/Frames_Image_bfvxmtycaaou?X-Amz-Algorithm=AWS4-HMAC-SHA256&X-Amz-Date=20210216T044357Z&X-Amz-SignedHeaders=host&X-Amz-Expires=599&X-Amz-Credential=AKIAXBBSDNXKACVH3SXG%2F20210216%2Fap-southeast-1%2Fs3%2Faws4_request&X-Amz-Signature=f440abb2e31be519c6707cf2412e6da6e35c726f6f55929bf891d93e427a2a37"
"321228","108764","GHY652","Washroom","Frames_Image_vpystddvbtvk","WASHROOM","272950","https://oyo-transformation.s3-ap-southeast-1.amazonaws.com/photography/14272/SPOT%20ON%20NON-AC%20Washroom/Frames_Image_vpystddvbtvk?X-Amz-Algorithm=AWS4-HMAC-SHA256&X-Amz-Date=20210216T044357Z&X-Amz-SignedHeaders=host&X-Amz-Expires=600&X-Amz-Credential=AKIAXBBSDNXKACVH3SXG%2F20210216%2Fap-southeast-1%2Fs3%2Faws4_request&X-Amz-Signature=57e928411ce004a538694094f32330ac2666101dba23ffa66af45e369c2fa4f3"
"321227","108764","GHY652","Washroom","Frames_Image_ftqanxwjnqtf","WASHROOM","272950","https://oyo-transformation.s3-ap-southeast-1.amazonaws.com/photography/14272/SPOT%20ON%20NON-AC%20Washroom/Frames_Image_ftqanxwjnqtf?X-Amz-Algorithm=AWS4-HMAC-SHA256&X-Amz-Date=20210216T044357Z&X-Amz-SignedHeaders=host&X-Amz-Expires=599&X-Amz-Credential=AKIAXBBSDNXKACVH3SXG%2F20210216%2Fap-southeast-1%2Fs3%2Faws4_request&X-Amz-Signature=283ba07626ab18c294f064ee80ec6ada4914ea94a7a8c4d23cca571eb97f83a7"
"321226","108764","GHY652","Washroom","Frames_Image_qbgeqkqcsspp","WASHROOM","272950","https://oyo-transformation.s3-ap-southeast-1.amazonaws.com/photography/14272/SPOT%20ON%20NON-AC%20Washroom/Frames_Image_qbgeqkqcsspp?X-Amz-Algorithm=AWS4-HMAC-SHA256&X-Amz-Date=20210216T044357Z&X-Amz-SignedHeaders=host&X-Amz-Expires=599&X-Amz-Credential=AKIAXBBSDNXKACVH3SXG%2F20210216%2Fap-southeast-1%2Fs3%2Faws4_request&X-Amz-Signature=34ae29d9a015678b8a77089acfc66ff56195e78c920375a111c27c96bc0de534"
"321225","108764","GHY652","Room","Frames_Image_dzhogujuichg","ROOM","272950","https://oyo-transformation.s3-ap-southeast-1.amazonaws.com/photography/14272/SPOT%20ON%20NON-AC/Frames_Image_dzhogujuichg?X-Amz-Algorithm=AWS4-HMAC-SHA256&X-Amz-Date=20210216T044357Z&X-Amz-SignedHeaders=host&X-Amz-Expires=600&X-Amz-Credential=AKIAXBBSDNXKACVH3SXG%2F20210216%2Fap-southeast-1%2Fs3%2Faws4_request&X-Amz-Signature=10df883aa715b4b6b8c4e4f2544f47c039e12f036eff8c7072a68a0cee993d0d"
"321224","108764","GHY652","Room","Frames_Image_mwrqsbtjxoto","ROOM","272950","https://oyo-transformation.s3-ap-southeast-1.amazonaws.com/photography/14272/SPOT%20ON%20NON-AC/Frames_Image_mwrqsbtjxoto?X-Amz-Algorithm=AWS4-HMAC-SHA256&X-Amz-Date=20210216T044357Z&X-Amz-SignedHeaders=host&X-Amz-Expires=600&X-Amz-Credential=AKIAXBBSDNXKACVH3SXG%2F20210216%2Fap-southeast-1%2Fs3%2Faws4_request&X-Amz-Signature=c1c78402e9799bbf2502e2017f70c98a0c99052b1778bcd3227262b86d88fa4d"
"321223","108764","GHY652","Room","Frames_Image_drxfjmjvkhkz","ROOM","272950","https://oyo-transformation.s3-ap-southeast-1.amazonaws.com/photography/14272/SPOT%20ON%20NON-AC/Frames_Image_drxfjmjvkhkz?X-Amz-Algorithm=AWS4-HMAC-SHA256&X-Amz-Date=20210216T044357Z&X-Amz-SignedHeaders=host&X-Amz-Expires=600&X-Amz-Credential=AKIAXBBSDNXKACVH3SXG%2F20210216%2Fap-southeast-1%2Fs3%2Faws4_request&X-Amz-Signature=00963fd31a50cf1e41e3d3b9d0b402d5a25283a654e822470d9ff0e7aa3c8f8d"
"321222","108764","GHY652","Room","Frames_Image_eripwmplxbsh","ROOM","272950","https://oyo-transformation.s3-ap-southeast-1.amazonaws.com/photography/14272/SPOT%20ON%20NON-AC/Frames_Image_eripwmplxbsh?X-Amz-Algorithm=AWS4-HMAC-SHA256&X-Amz-Date=20210216T044357Z&X-Amz-SignedHeaders=host&X-Amz-Expires=600&X-Amz-Credential=AKIAXBBSDNXKACVH3SXG%2F20210216%2Fap-southeast-1%2Fs3%2Faws4_request&X-Amz-Signature=b3889f9438745b5c710222dc4d33affef8fce4d938fce86733aac96db2016e69"
"321221","108764","GHY652","Room","Frames_Image_rapaextglzbo","ROOM","272950","https://oyo-transformation.s3-ap-southeast-1.amazonaws.com/photography/14272/SPOT%20ON%20NON-AC/Frames_Image_rapaextglzbo?X-Amz-Algorithm=AWS4-HMAC-SHA256&X-Amz-Date=20210216T044357Z&X-Amz-SignedHeaders=host&X-Amz-Expires=600&X-Amz-Credential=AKIAXBBSDNXKACVH3SXG%2F20210216%2Fap-southeast-1%2Fs3%2Faws4_request&X-Amz-Signature=4153bf5292e05e786dbcd38c3ffd1654b5de89bbc7e42669b1b782d61c008509"
"321220","108764","GHY652","Room","Frames_Image_sglazysmewrs","ROOM","272950","https://oyo-transformation.s3-ap-southeast-1.amazonaws.com/photography/14272/SPOT%20ON%20NON-AC/Frames_Image_sglazysmewrs?X-Amz-Algorithm=AWS4-HMAC-SHA256&X-Amz-Date=20210216T044357Z&X-Amz-SignedHeaders=host&X-Amz-Expires=600&X-Amz-Credential=AKIAXBBSDNXKACVH3SXG%2F20210216%2Fap-southeast-1%2Fs3%2Faws4_request&X-Amz-Signature=87dfa724641a061304710b931175f2a2d5ce64ea110172daa8b9a2ef74930c6e"
"321219","108764","GHY652","Room","Frames_Image_qdknxgypbiqz","ROOM","272950","https://oyo-transformation.s3-ap-southeast-1.amazonaws.com/photography/14272/SPOT%20ON%20NON-AC/Frames_Image_qdknxgypbiqz?X-Amz-Algorithm=AWS4-HMAC-SHA256&X-Amz-Date=20210216T044357Z&X-Amz-SignedHeaders=host&X-Amz-Expires=600&X-Amz-Credential=AKIAXBBSDNXKACVH3SXG%2F20210216%2Fap-southeast-1%2Fs3%2Faws4_request&X-Amz-Signature=882a790c7ffaf904f9cc44febaa2c5022621cda41c09a615a758bd6dc25d53a6"
"321218","108764","GHY652","Room","Frames_Image_jbxblqdednjj","ROOM","272950","https://oyo-transformation.s3-ap-southeast-1.amazonaws.com/photography/14272/SPOT%20ON%20NON-AC/Frames_Image_jbxblqdednjj?X-Amz-Algorithm=AWS4-HMAC-SHA256&X-Amz-Date=20210216T044357Z&X-Amz-SignedHeaders=host&X-Amz-Expires=599&X-Amz-Credential=AKIAXBBSDNXKACVH3SXG%2F20210216%2Fap-southeast-1%2Fs3%2Faws4_request&X-Amz-Signature=937a434c2ca84380aef81264373ac7e0b9598040291638cf845826980b36e641"
"321217","108764","GHY652","Room","Frames_Image_sqwtqnlreogv","ROOM","272950","https://oyo-transformation.s3-ap-southeast-1.amazonaws.com/photography/14272/SPOT%20ON%20NON-AC/Frames_Image_sqwtqnlreogv?X-Amz-Algorithm=AWS4-HMAC-SHA256&X-Amz-Date=20210216T044357Z&X-Amz-SignedHeaders=host&X-Amz-Expires=600&X-Amz-Credential=AKIAXBBSDNXKACVH3SXG%2F20210216%2Fap-southeast-1%2Fs3%2Faws4_request&X-Amz-Signature=4441ca39eb00654c3b302cb3f2b8c91fd4d99748ca3ea414557695d1eb26e5a9"
"321216","108764","GHY652","Room","Frames_Image_ufajvflokjam","ROOM","272950","https://oyo-transformation.s3-ap-southeast-1.amazonaws.com/photography/14272/SPOT%20ON%20NON-AC/Frames_Image_ufajvflokjam?X-Amz-Algorithm=AWS4-HMAC-SHA256&X-Amz-Date=20210216T044357Z&X-Amz-SignedHeaders=host&X-Amz-Expires=600&X-Amz-Credential=AKIAXBBSDNXKACVH3SXG%2F20210216%2Fap-southeast-1%2Fs3%2Faws4_request&X-Amz-Signature=556bff296a66a5111b1d8efe69f9bde8f94b3b0532256dd3ae23b6a194a2dd29"
"321215","108764","GHY652","Room","Frames_Image_yqzahglnjwoo","ROOM","272950","https://oyo-transformation.s3-ap-southeast-1.amazonaws.com/photography/14272/SPOT%20ON%20NON-AC/Frames_Image_yqzahglnjwoo?X-Amz-Algorithm=AWS4-HMAC-SHA256&X-Amz-Date=20210216T044357Z&X-Amz-SignedHeaders=host&X-Amz-Expires=600&X-Amz-Credential=AKIAXBBSDNXKACVH3SXG%2F20210216%2Fap-southeast-1%2Fs3%2Faws4_request&X-Amz-Signature=a790464c4d96c48b47b46de6bdd7b578c511c7d38246e8ff7dfdee64f9d9025e"
"321214","108764","GHY652","Room","Frames_Image_tegskzpehpjd","ROOM","272950","https://oyo-transformation.s3-ap-southeast-1.amazonaws.com/photography/14272/SPOT%20ON%20NON-AC/Frames_Image_tegskzpehpjd?X-Amz-Algorithm=AWS4-HMAC-SHA256&X-Amz-Date=20210216T044357Z&X-Amz-SignedHeaders=host&X-Amz-Expires=599&X-Amz-Credential=AKIAXBBSDNXKACVH3SXG%2F20210216%2Fap-southeast-1%2Fs3%2Faws4_request&X-Amz-Signature=6d0a9df2d6ba3fc6779526ba80902eb4a0716b37b6daac0a0ed55a36664fbb48"
"321213","108764","GHY652","Room","Frames_Image_dctfclvlialg","ROOM","272950","https://oyo-transformation.s3-ap-southeast-1.amazonaws.com/photography/14272/SPOT%20ON%20NON-AC/Frames_Image_dctfclvlialg?X-Amz-Algorithm=AWS4-HMAC-SHA256&X-Amz-Date=20210216T044357Z&X-Amz-SignedHeaders=host&X-Amz-Expires=599&X-Amz-Credential=AKIAXBBSDNXKACVH3SXG%2F20210216%2Fap-southeast-1%2Fs3%2Faws4_request&X-Amz-Signature=6a67fd116f3678f0b34d36945b2b5f0b036d9c779ad97261e34bc52d13a3b716"
"321212","108764","GHY652","Room","Frames_Image_avayqylxnazu","ROOM","272950","https://oyo-transformation.s3-ap-southeast-1.amazonaws.com/photography/14272/SPOT%20ON%20NON-AC/Frames_Image_avayqylxnazu?X-Amz-Algorithm=AWS4-HMAC-SHA256&X-Amz-Date=20210216T044357Z&X-Amz-SignedHeaders=host&X-Amz-Expires=600&X-Amz-Credential=AKIAXBBSDNXKACVH3SXG%2F20210216%2Fap-southeast-1%2Fs3%2Faws4_request&X-Amz-Signature=8f20165926510d5a2e1bbb521643772aed941a99475eca5a5607c79990b9c2f2"
"321211","108764","GHY652","Room","Frames_Image_ombxxqgjutnq","ROOM","272950","https://oyo-transformation.s3-ap-southeast-1.amazonaws.com/photography/14272/SPOT%20ON%20NON-AC/Frames_Image_ombxxqgjutnq?X-Amz-Algorithm=AWS4-HMAC-SHA256&X-Amz-Date=20210216T044357Z&X-Amz-SignedHeaders=host&X-Amz-Expires=600&X-Amz-Credential=AKIAXBBSDNXKACVH3SXG%2F20210216%2Fap-southeast-1%2Fs3%2Faws4_request&X-Amz-Signature=9fc107bfba05f26165f3f74c4ebc9cf0d91f8e8db28a5a5af5219a0ebd493148"
"321210","108764","GHY652","Room","Frames_Image_yalgvxvogqug","ROOM","272950","https://oyo-transformation.s3-ap-southeast-1.amazonaws.com/photography/14272/SPOT%20ON%20NON-AC/Frames_Image_yalgvxvogqug?X-Amz-Algorithm=AWS4-HMAC-SHA256&X-Amz-Date=20210216T044357Z&X-Amz-SignedHeaders=host&X-Amz-Expires=600&X-Amz-Credential=AKIAXBBSDNXKACVH3SXG%2F20210216%2Fap-southeast-1%2Fs3%2Faws4_request&X-Amz-Signature=5be51d65e49f320c71b1408ad3a08fa0fec496f22b7439b961de441dcf7a9334"
